{
    "rmse": 0.7175794969728411,
    "mae": 0.5650457523944723,
    "r2": 0.2737115773111949
}